{"id":"ad18abd3-bdee-4f80-8fae-d15d4f845b9d","revision":0,"last_node_id":102,"last_link_id":297,"nodes":[{"id":25,"type":"RandomNoise","pos":[-2.3493762016296387,945.9110717773438],"size":[315,82],"flags":{},"order":0,"mode":0,"inputs":[{"localized_name":"noise_seed","name":"noise_seed","type":"INT","widget":{"name":"noise_seed"},"link":null}],"outputs":[{"localized_name":"NOISE","name":"NOISE","type":"NOISE","links":[37]}],"properties":{"cnr_id":"comfy-core","ver":"0.3.42","Node name for S&R":"RandomNoise","widget_ue_connectable":{}},"widgets_values":[1050242972399956,"randomize"],"color":"#2a363b","bgcolor":"#3f5159"},{"id":80,"type":"PreviewImage","pos":[-6.623619556427002,242.352294921875],"size":[296.0021057128906,334.3545837402344],"flags":{},"order":30,"mode":0,"inputs":[{"localized_name":"images","name":"images","type":"IMAGE","link":210}],"outputs":[],"properties":{"cnr_id":"comfy-core","ver":"0.3.42","Node name for S&R":"PreviewImage","widget_ue_connectable":{},"ttNbgOverride":{"color":"#222","bgcolor":"#000","groupcolor":"#444"}},"widgets_values":[],"color":"#222","bgcolor":"#000"},{"id":90,"type":"LoadImage","pos":[-2127.1982421875,667.8682250976562],"size":[673.1690063476562,606.9954833984375],"flags":{},"order":1,"mode":0,"inputs":[{"localized_name":"image","name":"image","type":"COMBO","widget":{"name":"image"},"link":null},{"localized_name":"choose file to upload","name":"upload","type":"IMAGEUPLOAD","widget":{"name":"upload"},"link":null}],"outputs":[{"localized_name":"IMAGE","name":"IMAGE","type":"IMAGE","links":[258,285]},{"localized_name":"MASK","name":"MASK","type":"MASK","links":[]}],"properties":{"cnr_id":"comfy-core","ver":"0.3.42","widget_ue_connectable":{},"Node name for S&R":"LoadImage","ttNbgOverride":{"color":"#222","bgcolor":"#000","groupcolor":"#444"}},"widgets_values":["1430a2ff-7b4c-4adc-aec0-ae56b7fd7abe.png","image"],"color":"#f52832","bgcolor":"#e1141e"},{"id":41,"type":"LoadImage","pos":[-2127.8076171875,-5.384640216827393],"size":[673.1690063476562,606.9954833984375],"flags":{},"order":2,"mode":0,"inputs":[{"localized_name":"image","name":"image","type":"COMBO","widget":{"name":"image"},"link":null},{"localized_name":"choose file to upload","name":"upload","type":"IMAGEUPLOAD","widget":{"name":"upload"},"link":null}],"outputs":[{"localized_name":"IMAGE","name":"IMAGE","type":"IMAGE","links":[200,287]},{"localized_name":"MASK","name":"MASK","type":"MASK","links":[268]}],"properties":{"cnr_id":"comfy-core","ver":"0.3.42","Node name for S&R":"LoadImage","widget_ue_connectable":{},"ttNbgOverride":{"color":"#222","bgcolor":"#000","groupcolor":"#444"}},"widgets_values":["Bailey.png","image"],"color":"#222","bgcolor":"#000"},{"id":12,"type":"UNETLoader","pos":[-886.310546875,96.97551727294922],"size":[315,82],"flags":{},"order":3,"mode":0,"inputs":[{"localized_name":"unet_name","name":"unet_name","type":"COMBO","widget":{"name":"unet_name"},"link":null},{"localized_name":"weight_dtype","name":"weight_dtype","type":"COMBO","widget":{"name":"weight_dtype"},"link":null}],"outputs":[{"localized_name":"MODEL","name":"MODEL","type":"MODEL","slot_index":0,"links":[253]}],"properties":{"cnr_id":"comfy-core","ver":"0.3.42","Node name for S&R":"UNETLoader","widget_ue_connectable":{}},"widgets_values":["flux1-dev-kontext_fp8_scaled.safetensors","default"],"color":"#223","bgcolor":"#335"},{"id":8,"type":"VAEDecode","pos":[36.185035705566406,140.2963409423828],"size":[210,46],"flags":{},"order":27,"mode":0,"inputs":[{"localized_name":"samples","name":"samples","type":"LATENT","link":24},{"localized_name":"vae","name":"vae","type":"VAE","link":12}],"outputs":[{"localized_name":"IMAGE","name":"IMAGE","type":"IMAGE","slot_index":0,"links":[208,289]}],"properties":{"cnr_id":"comfy-core","ver":"0.3.42","Node name for S&R":"VAEDecode","widget_ue_connectable":{},"ttNbgOverride":{"color":"#222","bgcolor":"#000","groupcolor":"#444"}},"widgets_values":[],"color":"#222","bgcolor":"#000"},{"id":13,"type":"SamplerCustomAdvanced","pos":[-447.46832275390625,150.24618530273438],"size":[376.4836120605469,662.7254028320312],"flags":{},"order":26,"mode":0,"inputs":[{"localized_name":"noise","name":"noise","type":"NOISE","link":37},{"localized_name":"guider","name":"guider","type":"GUIDER","link":225},{"localized_name":"sampler","name":"sampler","type":"SAMPLER","link":19},{"localized_name":"sigmas","name":"sigmas","type":"SIGMAS","link":20},{"localized_name":"latent_image","name":"latent_image","type":"LATENT","link":116}],"outputs":[{"localized_name":"output","name":"output","type":"LATENT","slot_index":0,"links":[24]},{"localized_name":"denoised_output","name":"denoised_output","type":"LATENT","links":null}],"properties":{"cnr_id":"comfy-core","ver":"0.3.42","Node name for S&R":"SamplerCustomAdvanced","widget_ue_connectable":{},"ttNbgOverride":{"color":"#222","bgcolor":"#000","groupcolor":"#444"}},"widgets_values":[""],"color":"#222","bgcolor":"#000"},{"id":27,"type":"EmptySD3LatentImage","pos":[-402.4786682128906,969.1421508789062],"size":[315,106],"flags":{},"order":13,"mode":0,"inputs":[{"localized_name":"width","name":"width","type":"INT","widget":{"name":"width"},"link":201},{"localized_name":"height","name":"height","type":"INT","widget":{"name":"height"},"link":202},{"localized_name":"batch_size","name":"batch_size","type":"INT","widget":{"name":"batch_size"},"link":null}],"outputs":[{"localized_name":"LATENT","name":"LATENT","type":"LATENT","slot_index":0,"links":[116]}],"properties":{"cnr_id":"comfy-core","ver":"0.3.42","Node name for S&R":"EmptySD3LatentImage","widget_ue_connectable":{"width":true,"height":true},"ttNbgOverride":{"color":"#222","bgcolor":"#000","groupcolor":"#444"}},"widgets_values":[1024,1024,1],"color":"#222","bgcolor":"#000"},{"id":16,"type":"KSamplerSelect","pos":[-12.288579940795898,1138.536376953125],"size":[315,58],"flags":{},"order":4,"mode":0,"inputs":[{"localized_name":"sampler_name","name":"sampler_name","type":"COMBO","widget":{"name":"sampler_name"},"link":null}],"outputs":[{"localized_name":"SAMPLER","name":"SAMPLER","type":"SAMPLER","links":[19]}],"properties":{"cnr_id":"comfy-core","ver":"0.3.42","Node name for S&R":"KSamplerSelect","widget_ue_connectable":{},"ttNbgOverride":{"color":"#222","bgcolor":"#000","groupcolor":"#444"}},"widgets_values":["dpmpp_2m_sde"],"color":"#222","bgcolor":"#000"},{"id":17,"type":"BasicScheduler","pos":[-403.52374267578125,1114.260986328125],"size":[315,106],"flags":{},"order":23,"mode":0,"inputs":[{"localized_name":"model","name":"model","type":"MODEL","link":245},{"localized_name":"scheduler","name":"scheduler","type":"COMBO","widget":{"name":"scheduler"},"link":null},{"localized_name":"steps","name":"steps","type":"INT","widget":{"name":"steps"},"link":null},{"localized_name":"denoise","name":"denoise","type":"FLOAT","widget":{"name":"denoise"},"link":null}],"outputs":[{"localized_name":"SIGMAS","name":"SIGMAS","type":"SIGMAS","links":[20]}],"properties":{"cnr_id":"comfy-core","ver":"0.3.42","Node name for S&R":"BasicScheduler","widget_ue_connectable":{},"ttNbgOverride":{"color":"#222","bgcolor":"#000","groupcolor":"#444"}},"widgets_values":["simple",20,1],"color":"#222","bgcolor":"#000"},{"id":95,"type":"ImageStitch","pos":[-1409.00732421875,448.9676208496094],"size":[291.3508605957031,150],"flags":{},"order":16,"mode":0,"inputs":[{"localized_name":"image1","name":"image1","type":"IMAGE","link":291},{"localized_name":"image2","name":"image2","shape":7,"type":"IMAGE","link":280},{"localized_name":"direction","name":"direction","type":"COMBO","widget":{"name":"direction"},"link":null},{"localized_name":"match_image_size","name":"match_image_size","type":"BOOLEAN","widget":{"name":"match_image_size"},"link":null},{"localized_name":"spacing_width","name":"spacing_width","type":"INT","widget":{"name":"spacing_width"},"link":null},{"localized_name":"spacing_color","name":"spacing_color","type":"COMBO","widget":{"name":"spacing_color"},"link":null}],"outputs":[{"localized_name":"IMAGE","name":"IMAGE","type":"IMAGE","links":[275,281]}],"properties":{"cnr_id":"comfy-core","ver":"0.3.42","widget_ue_connectable":{},"Node name for S&R":"ImageStitch","ttNbgOverride":{"color":"#222","bgcolor":"#000","groupcolor":"#444"}},"widgets_values":["right",true,0,"white"],"color":"#222","bgcolor":"#000"},{"id":81,"type":"GetImageSize","pos":[-1092.469482421875,454.5306091308594],"size":[140,124.00003051757812],"flags":{},"order":8,"mode":0,"inputs":[{"localized_name":"image","name":"image","type":"IMAGE","link":200}],"outputs":[{"localized_name":"width","name":"width","type":"INT","links":[201,203]},{"localized_name":"height","name":"height","type":"INT","links":[202,204]},{"localized_name":"batch_size","name":"batch_size","type":"INT","links":null}],"properties":{"cnr_id":"comfy-core","ver":"0.3.42","Node name for S&R":"GetImageSize","widget_ue_connectable":{},"ttNbgOverride":{"color":"#222","bgcolor":"#000","groupcolor":"#444"}},"widgets_values":["width: 512, height: 768\n batch size: 1"],"color":"#222","bgcolor":"#000"},{"id":98,"type":"UpscaleImageWithModel","pos":[-1317.152587890625,145.36917114257812],"size":[287.1978454589844,106],"flags":{},"order":9,"mode":0,"inputs":[{"localized_name":"image","name":"image","type":"IMAGE","link":287},{"localized_name":"model_name","name":"model_name","type":"COMBO","widget":{"name":"model_name"},"link":null},{"localized_name":"upscale_by","name":"upscale_by","type":"FLOAT","widget":{"name":"upscale_by"},"link":null},{"localized_name":"tile_size","name":"tile_size","type":"INT","widget":{"name":"tile_size"},"link":null}],"outputs":[{"localized_name":"IMAGE","name":"IMAGE","type":"IMAGE","links":[288]}],"properties":{"cnr_id":"ComfyUI-NeuralMedia","ver":"067d950b97f07298feca3dfd36409db8370791b4","widget_ue_connectable":{},"Node name for S&R":"UpscaleImageWithModel","ttNbgOverride":{"color":"#222","bgcolor":"#000","groupcolor":"#444"}},"widgets_values":["realesrgan\\RealESRGAN_x2plus.pth",2,256],"color":"#222","bgcolor":"#000"},{"id":39,"type":"VAEEncode","pos":[-1130.6376953125,325.2967529296875],"size":[140,46],"flags":{},"order":18,"mode":0,"inputs":[{"localized_name":"pixels","name":"pixels","type":"IMAGE","link":275},{"localized_name":"vae","name":"vae","type":"VAE","link":120}],"outputs":[{"localized_name":"LATENT","name":"LATENT","type":"LATENT","links":[251]}],"properties":{"cnr_id":"comfy-core","ver":"0.3.42","Node name for S&R":"VAEEncode","widget_ue_connectable":{},"ttNbgOverride":{"color":"#222","bgcolor":"#000","groupcolor":"#444"}},"widgets_values":[],"color":"#222","bgcolor":"#000"},{"id":99,"type":"FluxKontextImageScale","pos":[-1351.821044921875,345.0138854980469],"size":[187.75448608398438,32.83806610107422],"flags":{},"order":14,"mode":0,"inputs":[{"localized_name":"image","name":"image","type":"IMAGE","link":288}],"outputs":[{"localized_name":"IMAGE","name":"IMAGE","type":"IMAGE","links":[291]}],"properties":{"cnr_id":"comfy-core","ver":"0.3.42","widget_ue_connectable":{},"Node name for S&R":"FluxKontextImageScale","ttNbgOverride":{"color":"#222","bgcolor":"#000","groupcolor":"#444"}},"color":"#222","bgcolor":"#000"},{"id":73,"type":"FluxKontextImageScale","pos":[-1207.0672607421875,669.706787109375],"size":[187.75448608398438,26],"flags":{},"order":12,"mode":0,"inputs":[{"localized_name":"image","name":"image","type":"IMAGE","link":286}],"outputs":[{"localized_name":"IMAGE","name":"IMAGE","type":"IMAGE","links":[280]}],"properties":{"cnr_id":"comfy-core","ver":"0.3.42","Node name for S&R":"FluxKontextImageScale","widget_ue_connectable":{},"ttNbgOverride":{"color":"#222","bgcolor":"#000","groupcolor":"#444"}},"widgets_values":[],"color":"#222","bgcolor":"#000"},{"id":97,"type":"UpscaleImageWithModel","pos":[-1326.059326171875,767.2252197265625],"size":[287.1978454589844,106],"flags":{},"order":7,"mode":0,"inputs":[{"localized_name":"image","name":"image","type":"IMAGE","link":285},{"localized_name":"model_name","name":"model_name","type":"COMBO","widget":{"name":"model_name"},"link":null},{"localized_name":"upscale_by","name":"upscale_by","type":"FLOAT","widget":{"name":"upscale_by"},"link":null},{"localized_name":"tile_size","name":"tile_size","type":"INT","widget":{"name":"tile_size"},"link":null}],"outputs":[{"localized_name":"IMAGE","name":"IMAGE","type":"IMAGE","links":[286]}],"properties":{"cnr_id":"ComfyUI-NeuralMedia","ver":"067d950b97f07298feca3dfd36409db8370791b4","widget_ue_connectable":{},"Node name for S&R":"UpscaleImageWithModel","ttNbgOverride":{"color":"#222","bgcolor":"#000","groupcolor":"#444"}},"widgets_values":["ESRGAN_4x.pth",2,256],"color":"#222","bgcolor":"#000"},{"id":92,"type":"DifferentialDiffusionAdvanced","pos":[-879.677978515625,229.4919891357422],"size":[290.8277282714844,98],"flags":{},"order":20,"mode":0,"inputs":[{"localized_name":"model","name":"model","type":"MODEL","link":253},{"localized_name":"samples","name":"samples","type":"LATENT","link":251},{"localized_name":"mask","name":"mask","type":"MASK","link":268},{"localized_name":"multiplier","name":"multiplier","type":"FLOAT","widget":{"name":"multiplier"},"link":null}],"outputs":[{"localized_name":"MODEL","name":"MODEL","type":"MODEL","links":[255]},{"localized_name":"LATENT","name":"LATENT","type":"LATENT","links":[252]}],"properties":{"cnr_id":"comfyui-kjnodes","ver":"1.0.9","widget_ue_connectable":{},"Node name for S&R":"DifferentialDiffusionAdvanced","ttNbgOverride":{"color":"#222","bgcolor":"#000","groupcolor":"#444"}},"widgets_values":[0.5000000000000001],"color":"#222","bgcolor":"#000"},{"id":82,"type":"FluxKontextDiffMerge","pos":[3.69291615486145,626.4147338867188],"size":[270.873046875,266],"flags":{},"order":28,"mode":0,"inputs":[{"localized_name":"original_image","name":"original_image","type":"IMAGE","link":289},{"localized_name":"edited_image","name":"edited_image","type":"IMAGE","link":208},{"localized_name":"manual_mask","name":"manual_mask","shape":7,"type":"MASK","link":null},{"localized_name":"sensitivity","name":"sensitivity","type":"FLOAT","widget":{"name":"sensitivity"},"link":null},{"localized_name":"detection_method","name":"detection_method","type":"COMBO","widget":{"name":"detection_method"},"link":null},{"localized_name":"blend_method","name":"blend_method","type":"COMBO","widget":{"name":"blend_method"},"link":null},{"localized_name":"mask_blur","name":"mask_blur","type":"INT","widget":{"name":"mask_blur"},"link":null},{"localized_name":"mask_expand","name":"mask_expand","type":"INT","widget":{"name":"mask_expand"},"link":null},{"localized_name":"edge_feather","name":"edge_feather","type":"INT","widget":{"name":"edge_feather"},"link":null},{"localized_name":"min_change_area","name":"min_change_area","type":"INT","widget":{"name":"min_change_area"},"link":null},{"localized_name":"global_threshold","name":"global_threshold","type":"FLOAT","widget":{"name":"global_threshold"},"link":null}],"outputs":[{"localized_name":"merged_image","name":"merged_image","type":"IMAGE","links":[290]},{"localized_name":"difference_mask","name":"difference_mask","type":"MASK","links":null},{"localized_name":"preview_diff","name":"preview_diff","type":"IMAGE","links":[210]}],"properties":{"aux_id":"safzanpirani/flux-kontext-diff-merge","ver":"de98994ed0f83f89bae61923408cd3a74f5a5fa3","Node name for S&R":"FluxKontextDiffMerge","widget_ue_connectable":{},"ttNbgOverride":{"color":"#222","bgcolor":"#000","groupcolor":"#444"}},"widgets_values":[0.010000000000000002,"combined","poisson",15,8,13,250,0.15],"color":"#222","bgcolor":"#000"},{"id":9,"type":"SaveImage","pos":[359.079833984375,87.69090270996094],"size":[630.66845703125,1140.4051513671875],"flags":{},"order":29,"mode":0,"inputs":[{"localized_name":"images","name":"images","type":"IMAGE","link":290},{"localized_name":"filename_prefix","name":"filename_prefix","type":"STRING","widget":{"name":"filename_prefix"},"link":null}],"outputs":[],"properties":{"cnr_id":"comfy-core","ver":"0.3.42","Node name for S&R":"SaveImage","widget_ue_connectable":{}},"widgets_values":["ComfyUI"],"color":"#3232d2","bgcolor":"#1e1ebe"},{"id":94,"type":"PreviewImage","pos":[-1377.255859375,938.752197265625],"size":[383.239990234375,246],"flags":{},"order":19,"mode":0,"inputs":[{"localized_name":"images","name":"images","type":"IMAGE","link":281}],"outputs":[],"properties":{"cnr_id":"comfy-core","ver":"0.3.42","widget_ue_connectable":{},"Node name for S&R":"PreviewImage","ttNbgOverride":{"color":"#222","bgcolor":"#000","groupcolor":"#444"}},"widgets_values":[],"color":"#222","bgcolor":"#000"},{"id":26,"type":"FluxGuidance","pos":[-874.0360717773438,578.9202880859375],"size":[317.4000244140625,58],"flags":{},"order":17,"mode":0,"inputs":[{"localized_name":"conditioning","name":"conditioning","type":"CONDITIONING","link":294},{"localized_name":"guidance","name":"guidance","type":"FLOAT","widget":{"name":"guidance"},"link":null}],"outputs":[{"localized_name":"CONDITIONING","name":"CONDITIONING","type":"CONDITIONING","slot_index":0,"links":[123]}],"properties":{"cnr_id":"comfy-core","ver":"0.3.42","Node name for S&R":"FluxGuidance","widget_ue_connectable":{}},"widgets_values":[2.7],"color":"#222","bgcolor":"#000"},{"id":42,"type":"ReferenceLatent","pos":[-825.808837890625,364.5791320800781],"size":[197.712890625,46],"flags":{},"order":22,"mode":0,"inputs":[{"localized_name":"conditioning","name":"conditioning","type":"CONDITIONING","link":123},{"localized_name":"latent","name":"latent","shape":7,"type":"LATENT","link":252}],"outputs":[{"localized_name":"CONDITIONING","name":"CONDITIONING","type":"CONDITIONING","links":[169]}],"properties":{"cnr_id":"comfy-core","ver":"0.3.42","Node name for S&R":"ReferenceLatent","widget_ue_connectable":{},"ttNbgOverride":{"color":"#222","bgcolor":"#000","groupcolor":"#444"}},"widgets_values":[],"color":"#222","bgcolor":"#000"},{"id":6,"type":"CLIPTextEncode","pos":[-875.3156127929688,881.5618286132812],"size":[372.2740783691406,166.9799346923828],"flags":{},"order":10,"mode":0,"inputs":[{"localized_name":"clip","name":"clip","type":"CLIP","link":239},{"localized_name":"text","name":"text","type":"STRING","widget":{"name":"text"},"link":null}],"outputs":[{"localized_name":"CONDITIONING","name":"CONDITIONING","type":"CONDITIONING","slot_index":0,"links":[292]}],"title":"CLIP Text Encode (Positive Prompt)","properties":{"cnr_id":"comfy-core","ver":"0.3.42","Node name for S&R":"CLIPTextEncode","widget_ue_connectable":{}},"widgets_values":["THe woman outside in the grass is looking at the viewer and smiling while she is holding the green watter bottle. It's like a advertisment shot for a commercial"],"color":"#f82020","bgcolor":"#e40c0c"},{"id":11,"type":"DualCLIPLoader","pos":[-796.9632568359375,840.27783203125],"size":[315,130],"flags":{"collapsed":true},"order":5,"mode":0,"inputs":[{"localized_name":"clip_name1","name":"clip_name1","type":"COMBO","widget":{"name":"clip_name1"},"link":null},{"localized_name":"clip_name2","name":"clip_name2","type":"COMBO","widget":{"name":"clip_name2"},"link":null},{"localized_name":"type","name":"type","type":"COMBO","widget":{"name":"type"},"link":null},{"localized_name":"device","name":"device","shape":7,"type":"COMBO","widget":{"name":"device"},"link":null}],"outputs":[{"localized_name":"CLIP","name":"CLIP","type":"CLIP","slot_index":0,"links":[239,295]}],"properties":{"cnr_id":"comfy-core","ver":"0.3.42","Node name for S&R":"DualCLIPLoader","widget_ue_connectable":{},"ttNbgOverride":{"color":"#222","bgcolor":"#000","groupcolor":"#444"}},"widgets_values":["t5xxl_fp8_e4m3fn.safetensors","clip_l.safetensors","flux","cpu"],"color":"#222","bgcolor":"#000"},{"id":101,"type":"ConditioningConcat","pos":[-819.11474609375,1185.39013671875],"size":[228.38671875,46],"flags":{},"order":15,"mode":0,"inputs":[{"localized_name":"conditioning_to","name":"conditioning_to","type":"CONDITIONING","link":292},{"localized_name":"conditioning_from","name":"conditioning_from","type":"CONDITIONING","link":293}],"outputs":[{"localized_name":"CONDITIONING","name":"CONDITIONING","type":"CONDITIONING","links":[294]}],"properties":{"cnr_id":"comfy-core","ver":"0.3.42","widget_ue_connectable":{},"Node name for S&R":"ConditioningConcat","ttNbgOverride":{"color":"#222","bgcolor":"#000","groupcolor":"#444"}},"color":"#222","bgcolor":"#000"},{"id":100,"type":"CLIPTextEncode","pos":[-821.7154541015625,1108.4283447265625],"size":[377.1585388183594,362.35345458984375],"flags":{"collapsed":true},"order":11,"mode":0,"inputs":[{"localized_name":"clip","name":"clip","type":"CLIP","link":295},{"localized_name":"text","name":"text","type":"STRING","widget":{"name":"text"},"link":null}],"outputs":[{"localized_name":"CONDITIONING","name":"CONDITIONING","type":"CONDITIONING","slot_index":0,"links":[293]}],"title":"CLIP Text Encode (Positive Prompt)","properties":{"cnr_id":"comfy-core","ver":"0.3.42","widget_ue_connectable":{},"Node name for S&R":"CLIPTextEncode"},"widgets_values":["keep identity of any person or item in the images. "],"color":"#f82020","bgcolor":"#e40c0c"},{"id":10,"type":"VAELoader","pos":[-870.6356811523438,539.107666015625],"size":[311.81634521484375,60.429901123046875],"flags":{"collapsed":true},"order":6,"mode":0,"inputs":[{"localized_name":"vae_name","name":"vae_name","type":"COMBO","widget":{"name":"vae_name"},"link":null}],"outputs":[{"localized_name":"VAE","name":"VAE","type":"VAE","slot_index":0,"links":[12,120]}],"properties":{"cnr_id":"comfy-core","ver":"0.3.42","Node name for S&R":"VAELoader","widget_ue_connectable":{},"ttNbgOverride":{"color":"#222","bgcolor":"#000","groupcolor":"#444"}},"widgets_values":["flux.safetensors"],"color":"#222","bgcolor":"#000"},{"id":62,"type":"BasicGuider","pos":[-681.4947509765625,497.35113525390625],"size":[155.71875,46],"flags":{},"order":25,"mode":0,"inputs":[{"localized_name":"model","name":"model","type":"MODEL","link":297},{"localized_name":"conditioning","name":"conditioning","type":"CONDITIONING","link":169}],"outputs":[{"localized_name":"GUIDER","name":"GUIDER","type":"GUIDER","links":[225]}],"properties":{"cnr_id":"comfy-core","ver":"0.3.42","Node name for S&R":"BasicGuider","widget_ue_connectable":{},"ttNbgOverride":{"color":"#222","bgcolor":"#000","groupcolor":"#444"}},"widgets_values":[],"color":"#222","bgcolor":"#000"},{"id":30,"type":"ModelSamplingFlux","pos":[-877.2994995117188,675.3849487304688],"size":[315,130],"flags":{},"order":21,"mode":0,"inputs":[{"localized_name":"model","name":"model","type":"MODEL","link":255},{"localized_name":"max_shift","name":"max_shift","type":"FLOAT","widget":{"name":"max_shift"},"link":null},{"localized_name":"base_shift","name":"base_shift","type":"FLOAT","widget":{"name":"base_shift"},"link":null},{"localized_name":"width","name":"width","type":"INT","widget":{"name":"width"},"link":203},{"localized_name":"height","name":"height","type":"INT","widget":{"name":"height"},"link":204}],"outputs":[{"localized_name":"MODEL","name":"MODEL","type":"MODEL","slot_index":0,"links":[245,296]}],"properties":{"cnr_id":"comfy-core","ver":"0.3.42","Node name for S&R":"ModelSamplingFlux","widget_ue_connectable":{"width":true,"height":true},"ttNbgOverride":{"color":"#222","bgcolor":"#000","groupcolor":"#444"}},"widgets_values":[2.7500000000000004,0.6000000000000001,1024,1024],"color":"#222","bgcolor":"#000"},{"id":102,"type":"CFGZeroStar","pos":[-874.190185546875,468.1926574707031],"size":[159.744140625,26],"flags":{},"order":24,"mode":0,"inputs":[{"localized_name":"model","name":"model","type":"MODEL","link":296}],"outputs":[{"localized_name":"patched_model","name":"patched_model","type":"MODEL","links":[297]}],"properties":{"cnr_id":"comfy-core","ver":"0.3.42","widget_ue_connectable":{},"Node name for S&R":"CFGZeroStar","ttNbgOverride":{"color":"#222","bgcolor":"#000","groupcolor":"#444"}},"color":"#222","bgcolor":"#000"}],"links":[[12,10,0,8,1,"VAE"],[19,16,0,13,2,"SAMPLER"],[20,17,0,13,3,"SIGMAS"],[24,13,0,8,0,"LATENT"],[37,25,0,13,0,"NOISE"],[116,27,0,13,4,"LATENT"],[120,10,0,39,1,"VAE"],[123,26,0,42,0,"CONDITIONING"],[169,42,0,62,1,"CONDITIONING"],[200,41,0,81,0,"IMAGE"],[201,81,0,27,0,"INT"],[202,81,1,27,1,"INT"],[203,81,0,30,3,"INT"],[204,81,1,30,4,"INT"],[208,8,0,82,1,"IMAGE"],[210,82,2,80,0,"IMAGE"],[225,62,0,13,1,"GUIDER"],[239,11,0,6,0,"CLIP"],[245,30,0,17,0,"MODEL"],[251,39,0,92,1,"LATENT"],[252,92,1,42,1,"LATENT"],[253,12,0,92,0,"MODEL"],[255,92,0,30,0,"MODEL"],[258,90,0,93,3,"IMAGE"],[268,41,1,92,2,"MASK"],[275,95,0,39,0,"IMAGE"],[280,73,0,95,1,"IMAGE"],[281,95,0,94,0,"IMAGE"],[285,90,0,97,0,"IMAGE"],[286,97,0,73,0,"IMAGE"],[287,41,0,98,0,"IMAGE"],[288,98,0,99,0,"IMAGE"],[289,8,0,82,0,"IMAGE"],[290,82,0,9,0,"IMAGE"],[291,99,0,95,0,"IMAGE"],[292,6,0,101,0,"CONDITIONING"],[293,100,0,101,1,"CONDITIONING"],[294,101,0,26,0,"CONDITIONING"],[295,11,0,100,0,"CLIP"],[296,30,0,102,0,"MODEL"],[297,102,0,62,0,"MODEL"]],"groups":[{"id":2,"title":"Group1","bounding":[-463.5287170410156,57.016151428222656,798.0704956054688,1172.170166015625],"color":"#1e1ebe","font_size":24,"flags":{}},{"id":3,"title":"Group2","bounding":[-896.310546875,23.375516891479492,408.1534729003906,1230.539794921875],"color":"#1e1ebe","font_size":24,"flags":{}},{"id":4,"title":"Group","bounding":[-1419.00732421875,71.76917266845703,476.537841796875,1122.983154296875],"color":"#3f789e","font_size":24,"flags":{}}],"config":{},"extra":{"ds":{"scale":0.4950000000000295,"offset":[2860.7535861253427,399.3802960167757]},"frontendVersion":"1.21.7","groupNodes":{"EmptyLatentImage":{"nodes":[{"type":"PrimitiveNode","pos":[432,480],"size":{"0":210,"1":82},"flags":{},"order":6,"mode":0,"outputs":[{"name":"INT","type":"INT","links":[],"widget":{"name":"height"},"slot_index":0}],"title":"height","properties":{"Run widget replace on values":false},"color":"#323","bgcolor":"#535","index":0},{"type":"PrimitiveNode","pos":[672,480],"size":{"0":210,"1":82},"flags":{},"order":7,"mode":0,"outputs":[{"name":"INT","type":"INT","links":[],"slot_index":0,"widget":{"name":"width"}}],"title":"width","properties":{"Run widget replace on values":false},"color":"#323","bgcolor":"#535","index":1},{"type":"EmptySD3LatentImage","pos":[480,624],"size":{"0":315,"1":106},"flags":{},"order":10,"mode":0,"inputs":[{"name":"width","type":"INT","link":null,"widget":{"name":"width"}},{"name":"height","type":"INT","link":null,"widget":{"name":"height"}}],"outputs":[{"name":"LATENT","type":"LATENT","links":[],"shape":3,"slot_index":0}],"properties":{"Node name for S&R":"EmptySD3LatentImage"},"widgets_values":[1024,1024,1],"index":2}],"links":[[1,0,2,0,34,"INT"],[0,0,2,1,35,"INT"]],"external":[[0,0,"INT"],[1,0,"INT"],[2,0,"LATENT"]],"config":{"0":{"output":{"0":{"name":"height"}},"input":{"value":{"visible":true}}},"1":{"output":{"0":{"name":"width"}},"input":{"value":{"visible":true}}},"2":{"input":{"width":{"visible":false},"height":{"visible":false}}}}}},"ue_links":[],"links_added_by_ue":[]},"version":0.4}